name,url,category
O3 Power Brightening Facial Kit 123gm 40ml Brightening Whitening Look For All Skin Types,https://www.sinorbeauty.com/details/O3-Power-Brightening-Facial-Kit-123gm-40ml-Brightening-Whitening-Look-For-All-Skin-Types/101496/,SKIN
Oxylife Salon Professional Sensi Care Advance Acne Treatment With Salicylic Acid Cica Kombucha 8 Steps 340gm,https://www.sinorbeauty.com/details/Oxylife-Salon-Professional-Sensi-Care-Advance-Acne-Treatment-With-Salicylic-Acid-Cica-Kombucha-8-Steps-340gm/101494/,SKIN
Oxylife Salon Professional Intense Bright Advance Facial For Ultimate Radince With Kojic Acid Vitamin C,https://www.sinorbeauty.com/details/Oxylife-Salon-Professional-Intense-Bright-Advance-Facial-For-Ultimate-Radince-With-Kojic-Acid-Vitamin-C/101493/,SKIN
Oxylife Salon Professional De Tan Pack 12g x 4 48g With Kojic Acid Milk Honey Tan Removal Cream,https://www.sinorbeauty.com/details/Oxylife-Salon-Professional-De-Tan-Pack-12g-x-4-48g-With-Kojic-Acid-Milk-Honey-Tan-Removal-Cream/101492/,SKIN
Raaga Professional De Tan Tan removal Cream Kojic Milk 72gm Best Face Full Body Tan Removal Cream,https://www.sinorbeauty.com/details/Raaga-Professional-De-Tan-Tan-removal-Cream-Kojic-Milk-72gm-Best-Face-Full-Body-Tan-Removal-Cream/101491/,SKIN
Raaga Professional De tan Advanced Pack Charcol And Dead Sea Mud Suitable For All Type Of Skin 500 Gm,https://www.sinorbeauty.com/details/Raaga-Professional-De-tan-Advanced-Pack-Charcol-And-Dead-Sea-Mud-Suitable-For-All-Type-Of-Skin-500-Gm/101490/,SKIN
Raaga Professional De Tan Tan removal Cream Kojic Milk 500 GM,https://www.sinorbeauty.com/details/Raaga-Professional-De-Tan-Tan-removal-Cream-Kojic-Milk-500-GM/101489/,SKIN
Oxylife Salon Professional Prowhite Pure Oxygen Facial Kit 6 Step 264g Advanced Oxysphere Technology Skin Brightening Whitening Rejuvenation Reduces Dullness Protects from UV Rays,https://www.sinorbeauty.com/details/Oxylife-Salon-Professional-Prowhite-Pure-Oxygen-Facial-Kit-6-Step-264g-Advanced-Oxysphere-Technology-Skin-Brightening-Whitening-Rejuvenation-Reduces-Dullness-Protects-from-UV-Rays/101488/,SKIN
Oxylife Salon Professional Proyouth Oxygen Facial Kit Oxysphere Technology Advanced Anti Ageing Formula 5 Step,https://www.sinorbeauty.com/details/Oxylife-Salon-Professional-Proyouth-Oxygen-Facial-Kit-Oxysphere-Technology-Advanced-Anti-Ageing-Formula-5-Step/101486/,SKIN
Oxylife Salon Professional Gold Radiance Bridal Kit 8 Step 336gm with x2 Jaquline Kajal Free ,https://www.sinorbeauty.com/details/Oxylife-Salon-Professional-Gold-Radiance-Bridal-Kit-8-Step-336gm-with-x2-Jaquline-Kajal-Free-/101485/,SKIN
Oxylife Salon Professional Spot Reducation Creme Bleach 345gm,https://www.sinorbeauty.com/details/Oxylife-Salon-Professional-Spot-Reducation-Creme-Bleach-345gm/101484/,SKIN
Wax Warmer Heater For Beauty Care Use Professional Waxing Double Hard Pot Heater Warmer,https://www.sinorbeauty.com/details/Wax-Warmer-Heater-For-Beauty-Care-Use-Professional-Waxing-Double-Hard-Pot-Heater-Warmer/101473/,SKIN
Beauty Formulas Oil Control Facial Wash 150ml,https://www.sinorbeauty.com/details/Beauty-Formulas-Oil-Control-Facial-Wash-150ml/101461/,SKIN
Oxylife Natural Radiance 5 Bleach 310 gm,https://www.sinorbeauty.com/details/Oxylife-Natural-Radiance-5-Bleach-310-gm/101458/,SKIN
Micro Derma Brasion Facial Peel 150ml,https://www.sinorbeauty.com/details/Micro-Derma-Brasion-Facial-Peel-150ml/101457/,SKIN
Kashees Glass Skin Whitening Facial Massage Cream,https://www.sinorbeauty.com/details/Kashees-Glass-Skin-Whitening-Facial-Massage-Cream/101441/,SKIN
Kashees Glass Skin Whitening Facial Face Scrub Cream,https://www.sinorbeauty.com/details/Kashees-Glass-Skin-Whitening-Facial-Face-Scrub-Cream/101440/,SKIN
Insta Glow Facial Kit Raaga De Tan Tan removal Cream,https://www.sinorbeauty.com/details/Insta-Glow-Facial-Kit-Raaga-De-Tan-Tan-removal-Cream/101422/,SKIN
Lotus Herbals Radiant Diamond Cellular Radiance 5 In 1 Facial Kit With Diamon Dust Cinnamon For All Skin Types 170g,https://www.sinorbeauty.com/details/Lotus-Herbals-Radiant-Diamond-Cellular-Radiance-5-In-1-Facial-Kit-With-Diamon-Dust-Cinnamon-For-All-Skin-Types-170g/101420/,SKIN
O3 Skin Care Whitening Massage Cream 300 gm,https://www.sinorbeauty.com/details/O3-Skin-Care-Whitening-Massage-Cream-300-gm/101408/,SKIN
Wax Bean 100g 1 packet stick and wax heater,https://www.sinorbeauty.com/details/Wax-Bean-100g-1-packet-stick-and-wax-heater/101403/,SKIN
Professional 03 De tan pack 50gm,https://www.sinorbeauty.com/details/Professional-03-De-tan-pack-50gm/101379/,SKIN
Professional 03 De tan pack 300gm,https://www.sinorbeauty.com/details/Professional-03-De-tan-pack-300gm/101378/,SKIN
Vlcc Diamond Facial Kit with FREE Rose Water Toner 400 g,https://www.sinorbeauty.com/details/Vlcc-Diamond-Facial-Kit-with-FREE-Rose-Water-Toner-400-g/101375/,SKIN
Shahnaz Husain Gold Skin Radiance Timeless Youth 10gx4 Kit,https://www.sinorbeauty.com/details/Shahnaz-Husain-Gold-Skin-Radiance-Timeless-Youth-10gx4-Kit/101370/,SKIN
Face Mask Natural 24K Gold Collagen Whitening Peel Off Hydro Jelly Moisturizing Mask Powder Firming Anti aging Facial Skincare,https://www.sinorbeauty.com/details/Face-Mask-Natural-24K-Gold-Collagen-Whitening-Peel-Off-Hydro-Jelly-Moisturizing-Mask-Powder-Firming-Anti-aging-Facial-Skincare/101357/,SKIN
COSRX Hyaluronic Acid Intensive Cream 100gm,https://www.sinorbeauty.com/details/COSRX-Hyaluronic-Acid-Intensive-Cream-100gm/101339/,SKIN
Professional Skin Brightening Facial Kit 6 Steps 12 Facial Kit Set,https://www.sinorbeauty.com/details/Professional-Skin-Brightening-Facial-Kit-6-Steps-12-Facial-Kit-Set/101338/,SKIN
Professional Platinum Sheen Facial Kit 6 Steps 12 Facial Kit Set,https://www.sinorbeauty.com/details/Professional-Platinum-Sheen-Facial-Kit-6-Steps-12-Facial-Kit-Set/101337/,SKIN
O3 Bridal Facial Kit Vitamin C for Glowing Skin and Radiant Complexion Suitable for All Skin Types 136g,https://www.sinorbeauty.com/details/O3-Bridal-Facial-Kit-Vitamin-C-for-Glowing-Skin-and-Radiant-Complexion-Suitable-for-All-Skin-Types-136g/101328/,SKIN
Silky Cool Whitening Facial Kit,https://www.sinorbeauty.com/details/Silky-Cool-Whitening-Facial-Kit/101324/,SKIN
Silky Cool Gold Facial Kit,https://www.sinorbeauty.com/details/Silky-Cool-Gold-Facial-Kit/101323/,SKIN
Wax Heater 500 Cc,https://www.sinorbeauty.com/details/Wax-Heater-500-Cc/101322/,SKIN
Wax Heater 100W Hot Wax Warmer Silicone Pot Liner 400ml Capacity for Hair Removal,https://www.sinorbeauty.com/details/Wax-Heater-100W-Hot-Wax-Warmer-Silicone-Pot-Liner-400ml-Capacity-for-Hair-Removal/101321/,SKIN
Cosmo Herbal Wax 500gm,https://www.sinorbeauty.com/details/Cosmo-Herbal-Wax-500gm/101320/,SKIN
Paraffin Wax for Beauty Care,https://www.sinorbeauty.com/details/Paraffin-Wax-for-Beauty-Care/101319/,SKIN
Beauty Hard Wax Beans 400gm,https://www.sinorbeauty.com/details/Beauty-Hard-Wax-Beans-400gm/101318/,SKIN
Paraffin Wax Machine Paraffin Bath For Hands Feet Body Moisturizing Heating Warmer Kit Paraffin Wax Heater For Home Or Beauty Salon Use,https://www.sinorbeauty.com/details/Paraffin-Wax-Machine-Paraffin-Bath-For-Hands-Feet-Body-Moisturizing-Heating-Warmer-Kit-Paraffin-Wax-Heater-For-Home-Or-Beauty-Salon-Use/101317/,SKIN
Wax Heater Professional Wax Warmer Large Capacity Wax Heater Feet Hands Hair Removal Wax Warmer Kit US ,https://www.sinorbeauty.com/details/Wax-Heater-Professional-Wax-Warmer-Large-Capacity-Wax-Heater-Feet-Hands-Hair-Removal-Wax-Warmer-Kit-US-/101316/,SKIN
Veet Pure Inspirations Hair Removal Cream Sensitive Skin 200ml ,https://www.sinorbeauty.com/details/Veet-Pure-Inspirations-Hair-Removal-Cream-Sensitive-Skin-200ml-/101315/,SKIN
Veet Pure Inspirations Hair Removal Cream Normal Skin 200ml ,https://www.sinorbeauty.com/details/Veet-Pure-Inspirations-Hair-Removal-Cream-Normal-Skin-200ml-/101314/,SKIN
Veet Pure Inspirations Hair Removal Cream Normal Skin 100ml ,https://www.sinorbeauty.com/details/Veet-Pure-Inspirations-Hair-Removal-Cream-Normal-Skin-100ml-/101313/,SKIN
Veet Pure Inspirations Hair Removal Cream Sensitive Skin 100ml ,https://www.sinorbeauty.com/details/Veet-Pure-Inspirations-Hair-Removal-Cream-Sensitive-Skin-100ml-/101312/,SKIN
Veet Easy Gel Wax Strips 20 For Normal Skin,https://www.sinorbeauty.com/details/Veet-Easy-Gel-Wax-Strips-20-For-Normal-Skin/101311/,SKIN
Pure inspiration Cold Wax Strips Legs 20 strips,https://www.sinorbeauty.com/details/Pure-inspiration-Cold-Wax-Strips-Legs-20-strips/101310/,SKIN
Veet Easy Gel Wax Strips 20 For Normal Skin,https://www.sinorbeauty.com/details/Veet-Easy-Gel-Wax-Strips-20-For-Normal-Skin/101309/,SKIN
Pro Wax Warmer Heater Machine,https://www.sinorbeauty.com/details/Pro-Wax-Warmer-Heater-Machine/101305/,SKIN
Simple Kind To Skin Soothing Facial Toner 200ml ,https://www.sinorbeauty.com/details/Simple-Kind-To-Skin-Soothing-Facial-Toner-200ml-/101304/,SKIN
Simple Daily Skin Detox Purifying Gel Wash 150ml,https://www.sinorbeauty.com/details/Simple-Daily-Skin-Detox-Purifying-Gel-Wash-150ml/101288/,SKIN
Simple Water Boost Micellar Water Shower Gel 500ml,https://www.sinorbeauty.com/details/Simple-Water-Boost-Micellar-Water-Shower-Gel-500ml/101287/,SKIN
Simple Kind to Skin Nourishing Shower Cream 500ml,https://www.sinorbeauty.com/details/Simple-Kind-to-Skin-Nourishing-Shower-Cream-500ml/101286/,SKIN
Simple Kind To Skin Vital Vitamin Day Cream 50ml,https://www.sinorbeauty.com/details/Simple-Kind-To-Skin-Vital-Vitamin-Day-Cream-50ml/101285/,SKIN
Simple Water Boost Skin Quench Sleeping Cream 50ml,https://www.sinorbeauty.com/details/Simple-Water-Boost-Skin-Quench-Sleeping-Cream-50ml/101284/,SKIN
Simple Kind To Skin Hydrating Light Moisturiser 125ml,https://www.sinorbeauty.com/details/Simple-Kind-To-Skin-Hydrating-Light-Moisturiser-125ml/101283/,SKIN
Simple Kind to Skin Moisturising Face Wash 150ml,https://www.sinorbeauty.com/details/Simple-Kind-to-Skin-Moisturising-Face-Wash-150ml/101282/,SKIN
Simple Water Boost Micellar Facial Gel Wash 150ml,https://www.sinorbeauty.com/details/Simple-Water-Boost-Micellar-Facial-Gel-Wash-150ml/101281/,SKIN
NIVEA Soft Jar Moisturising Cream 200 ml,https://www.sinorbeauty.com/details/NIVEA-Soft-Jar-Moisturising-Cream-200-ml/101274/,SKIN
Corlin Fair Glow Papaya Saffron Scrub for Face Body 800gm,https://www.sinorbeauty.com/details/Corlin-Fair-Glow-Papaya-Saffron-Scrub-for-Face-Body-800gm/101273/,SKIN
Corlin Fair Glow Papaya Saffron Skin Massage Cream for Face Body 800gm,https://www.sinorbeauty.com/details/Corlin-Fair-Glow-Papaya-Saffron-Skin-Massage-Cream-for-Face-Body-800gm/101272/,SKIN
Corlin Fair Glow Aloevera Face Pack 800g,https://www.sinorbeauty.com/details/Corlin-Fair-Glow-Aloevera-Face-Pack-800g/101271/,SKIN
Corlin Fair Glow Gold Almond Scrub 800g,https://www.sinorbeauty.com/details/Corlin-Fair-Glow-Gold-Almond-Scrub-800g/101270/,SKIN
Corlin Fair Glow Gold Almond Skin Massage Cream 800g,https://www.sinorbeauty.com/details/Corlin-Fair-Glow-Gold-Almond-Skin-Massage-Cream-800g/101269/,SKIN
Corlin Fair Glow Aloevera Skin Massage Cream 800g,https://www.sinorbeauty.com/details/Corlin-Fair-Glow-Aloevera-Skin-Massage-Cream-800g/101268/,SKIN
Corlin Fair Glow DeTan Pack 250g,https://www.sinorbeauty.com/details/Corlin-Fair-Glow-DeTan-Pack-250g/101267/,SKIN
Corlin Fair Glow DeTan Scrub 190g,https://www.sinorbeauty.com/details/Corlin-Fair-Glow-DeTan-Scrub-190g/101266/,SKIN
Corlin Fair Glow DeTan Skin Cream 190g,https://www.sinorbeauty.com/details/Corlin-Fair-Glow-DeTan-Skin-Cream-190g/101265/,SKIN
Corlin Fair Glow Aloevera Scrub 800g,https://www.sinorbeauty.com/details/Corlin-Fair-Glow-Aloevera-Scrub-800g/101264/,SKIN
Milk Soothing Gel 500ml,https://www.sinorbeauty.com/details/Milk-Soothing-Gel-500ml/101257/,SKIN
Paxmoly 99 Deep Marine Collagen Soothing Gel,https://www.sinorbeauty.com/details/Paxmoly-99-Deep-Marine-Collagen-Soothing-Gel/101256/,SKIN
Nature Republic Soothing Moisture Aloe Vera 92 Soothing Gel 300gm,https://www.sinorbeauty.com/details/Nature-Republic-Soothing-Moisture-Aloe-Vera-92-Soothing-Gel-300gm/101255/,SKIN
Super Micro Bubble Beauty Instrument Blackhead Remover with 6 Suction,https://www.sinorbeauty.com/details/Super-Micro-Bubble-Beauty-Instrument-Blackhead-Remover-with-6-Suction/101249/,SKIN
Veet Sensitive Precision Beauty Styler Trimmer Machine,https://www.sinorbeauty.com/details/Veet-Sensitive-Precision-Beauty-Styler-Trimmer-Machine/101248/,SKIN
Raaga Anti Aging Facial Kit 299gm,https://www.sinorbeauty.com/details/Raaga-Anti-Aging-Facial-Kit-299gm/101247/,SKIN
Herbal Skin Tightning and Anti Ageing Face Mask 800gm,https://www.sinorbeauty.com/details/Herbal-Skin-Tightning-and-Anti-Ageing-Face-Mask-800gm/101245/,SKIN
Biofresh Aroma Fruits Facial Kit For Instant glow 305 gm,https://www.sinorbeauty.com/details/Biofresh-Aroma-Fruits-Facial-Kit-For-Instant-glow-305-gm/101243/,SKIN
Biofresh Papaya Facial Kit All Skin Types 305 gm,https://www.sinorbeauty.com/details/Biofresh-Papaya-Facial-Kit-All-Skin-Types-305-gm/101242/,SKIN
VLCC Natural Sciences Gold Facial Kit 60gm,https://www.sinorbeauty.com/details/VLCC-Natural-Sciences-Gold-Facial-Kit-60gm/101235/,SKIN
VLCC Diamond Facial Kit 60g Skin purifying with Parlour Glow With Colloidal Diamond,https://www.sinorbeauty.com/details/VLCC-Diamond-Facial-Kit-60g-Skin-purifying-with-Parlour-Glow-With-Colloidal-Diamond/101234/,SKIN
Vlcc Pearl Facial Kit 60gm,https://www.sinorbeauty.com/details/Vlcc-Pearl-Facial-Kit-60gm/101231/,SKIN
Vlcc Natural Sciences Anti Tan Facial Kit 60gm,https://www.sinorbeauty.com/details/Vlcc-Natural-Sciences-Anti-Tan-Facial-Kit-60gm/101230/,SKIN
Vlcc Natural Sciences Party Glow Facial Kit 60gm,https://www.sinorbeauty.com/details/Vlcc-Natural-Sciences-Party-Glow-Facial-Kit-60gm/101229/,SKIN
Professional Brazilian Soft Creme wax 400gm,https://www.sinorbeauty.com/details/Professional-Brazilian-Soft-Creme-wax-400gm/101225/,SKIN
Professional Depilatory Honey Wax Warm 400gm,https://www.sinorbeauty.com/details/Professional-Depilatory-Honey-Wax-Warm-400gm/101224/,SKIN
Professional Brazilian Honey Wax 100gm,https://www.sinorbeauty.com/details/Professional-Brazilian-Honey-Wax-100gm/101223/,SKIN
Wax Roller Heater for Hair Removal Roll on Hair Removal Depilatory Machine Roll On Wax Warmer Heater Waxing for Women Men Safe Painless,https://www.sinorbeauty.com/details/Wax-Roller-Heater-for-Hair-Removal-Roll-on-Hair-Removal-Depilatory-Machine-Roll-On-Wax-Warmer-Heater-Waxing-for-Women-Men-Safe-Painless/101222/,SKIN
Mumtaz Hot wax 1kg,https://www.sinorbeauty.com/details/Mumtaz-Hot-wax-1kg/101221/,SKIN
Mumtaz Cold Wax 1kg,https://www.sinorbeauty.com/details/Mumtaz-Cold-Wax-1kg/101220/,SKIN
Mumtaz Hot Wax 200gm,https://www.sinorbeauty.com/details/Mumtaz-Hot-Wax-200gm/101219/,SKIN
Mumtaz Cold Wax 200gm,https://www.sinorbeauty.com/details/Mumtaz-Cold-Wax-200gm/101218/,SKIN
Dove Nourishing Body Care Beauty Cream 150 ml,https://www.sinorbeauty.com/details/Dove-Nourishing-Body-Care-Beauty-Cream-150-ml/101217/,SKIN
HAAY Skin Nourishment C Sheet Mask 1box 10p ,https://www.sinorbeauty.com/details/HAAY-Skin-Nourishment-C-Sheet-Mask-1box-10p-/101200/,SKIN
HAAY Skin Nourishment A Sheet Mask 1 box 10p ,https://www.sinorbeauty.com/details/HAAY-Skin-Nourishment-A-Sheet-Mask-1-box-10p-/101199/,SKIN
HAAY Skin Nourishment B Sheet Mask 1 box 10p ,https://www.sinorbeauty.com/details/HAAY-Skin-Nourishment-B-Sheet-Mask-1-box-10p-/101198/,SKIN
W2 Fruit Basket Kit Strawberry Exfoliating Cleanser Fruit Activator Mix Fruit Massage Cream Pomegranate Face Mask 210GM,https://www.sinorbeauty.com/details/W2-Fruit-Basket-Kit-Strawberry-Exfoliating-Cleanser-Fruit-Activator-Mix-Fruit-Massage-Cream-Pomegranate-Face-Mask-210GM/101157/,SKIN
NUTRIGLOW NATURAL S EXOTIC FRUIT FACIAL KIT 720GM,https://www.sinorbeauty.com/details/NUTRIGLOW-NATURAL-S-EXOTIC-FRUIT-FACIAL-KIT-720GM/101156/,SKIN
NutriGlow NATURAL S Ubtan Facial Kit For Glowing Skin Tan Removal With Haldi Chandan 720gm,https://www.sinorbeauty.com/details/NutriGlow-NATURAL-S-Ubtan-Facial-Kit-For-Glowing-Skin-Tan-Removal-With-Haldi-Chandan-720gm/101155/,SKIN
Dr James Stretch Mark Cream 200ml,https://www.sinorbeauty.com/details/Dr-James-Stretch-Mark-Cream-200ml/101154/,SKIN
Skin Academy Cleanse Facial Scrub Face Scrub 75 ml,https://www.sinorbeauty.com/details/Skin-Academy-Cleanse-Facial-Scrub-Face-Scrub-75-ml/101153/,SKIN
Creightons Pink Grapefruit Daily Face Scrub 150ml,https://www.sinorbeauty.com/details/Creightons-Pink-Grapefruit-Daily-Face-Scrub-150ml/101152/,SKIN
Beauty Formulas Honey Almond Facial Scrub Nourishing 150ml,https://www.sinorbeauty.com/details/Beauty-Formulas-Honey-Almond-Facial-Scrub-Nourishing-150ml/101151/,SKIN
Beauty Formulas Facial scrub Superfood Ginger Turmeric 150ml,https://www.sinorbeauty.com/details/Beauty-Formulas-Facial-scrub-Superfood-Ginger-Turmeric-150ml/101149/,SKIN
Vesseg Professional Insta Fair Facial Foam Paraben Free Enhance Fairness 500gm,https://www.sinorbeauty.com/details/Vesseg-Professional-Insta-Fair-Facial-Foam-Paraben-Free-Enhance-Fairness-500gm/101148/,SKIN
Vesseg Insta Glow Face Wash Gel Paraben Free Enhance Glow 500gm,https://www.sinorbeauty.com/details/Vesseg-Insta-Glow-Face-Wash-Gel-Paraben-Free-Enhance-Glow-500gm/101147/,SKIN
DR MEINAIER VITAMIN C Jelly Mask 500gm,https://www.sinorbeauty.com/details/DR-MEINAIER-VITAMIN-C-Jelly-Mask-500gm/101146/,SKIN
Dr Meinaier Jelly Face Mask Curacao Aloe Vera 500gm,https://www.sinorbeauty.com/details/Dr-Meinaier-Jelly-Face-Mask-Curacao-Aloe-Vera-500gm/101145/,SKIN
Wokali Organic Essence Olive Oil Body Hair Care 200ml,https://www.sinorbeauty.com/details/Wokali-Organic-Essence-Olive-Oil-Body-Hair-Care-200ml/101144/,SKIN
Dr Meinaeir Coffee Bath Salts 450GM,https://www.sinorbeauty.com/details/Dr-Meinaeir-Coffee-Bath-Salts-450GM/101142/,SKIN
Herbdiva White Chocolate Brazilian Stripless Wax Complete Confidence For Face Under Arms Bikini Lines Body 500g Alcohol Free,https://www.sinorbeauty.com/details/Herbdiva-White-Chocolate-Brazilian-Stripless-Wax-Complete-Confidence-For-Face-Under-Arms-Bikini-Lines-Body-500g-Alcohol-Free/101139/,SKIN
O3 Anti Ageing Facial kit Brightening Finelines Reducer With Peel off Mask 45gm,https://www.sinorbeauty.com/details/O3-Anti-Ageing-Facial-kit-Brightening-Finelines-Reducer-With-Peel-off-Mask-45gm/101138/,SKIN
Creightons Body Bliss Raspberry and Pomegranate Bath Shower 500ml,https://www.sinorbeauty.com/details/Creightons-Body-Bliss-Raspberry-and-Pomegranate-Bath-Shower-500ml/101136/,SKIN
Creightons Body Bliss Mango Papaya Bath Shower 500ml,https://www.sinorbeauty.com/details/Creightons-Body-Bliss-Mango-Papaya-Bath-Shower-500ml/101135/,SKIN
KEYA SETH AROMATHERAPY DEVICE OF DROP Fair Bright Serum Non Greasy Lightweight Skin Brightening Whitening and Nourishing with Quick Absorbing for Unisex 42ml,https://www.sinorbeauty.com/details/KEYA-SETH-AROMATHERAPY-DEVICE-OF-DROP-Fair-Bright-Serum-Non-Greasy-Lightweight-Skin-Brightening-Whitening-and-Nourishing-with-Quick-Absorbing-for-Unisex-42ml/101134/,SKIN
Keya Seth Aromatherapy Aromatic Spa Hair Conditions Serum SPF 15 42 ml,https://www.sinorbeauty.com/details/Keya-Seth-Aromatherapy-Aromatic-Spa-Hair-Conditions-Serum-SPF-15-42-ml/101133/,SKIN
O3 Whitening Facial Kit With Brightening Whitening Peel Off Power Mask 45gm ,https://www.sinorbeauty.com/details/O3-Whitening-Facial-Kit-With-Brightening-Whitening-Peel-Off-Power-Mask-45gm-/101132/,SKIN
O3 Sea White Brightening Facial Kit With Peel Off Mask Suitable For Normal To Oily Types 45g Single Use Facial Kit ,https://www.sinorbeauty.com/details/O3-Sea-White-Brightening-Facial-Kit-With-Peel-Off-Mask-Suitable-For-Normal-To-Oily-Types-45g-Single-Use-Facial-Kit-/101131/,SKIN
O3 WHITENING FACIAL KIT For Tan Pigmented Skin Radiance Shine O3 Brightening Facial Kit O3 plus,https://www.sinorbeauty.com/details/O3-WHITENING-FACIAL-KIT-For-Tan-Pigmented-Skin-Radiance-Shine-O3-Brightening-Facial-Kit-O3-plus/101130/,SKIN
O3 Professional Diamond Luxury System Facial Kit For Bridal Makeup And Ultra Glow Treatments Perfect For All Skin Type To Increase Shine And Glow On Face,https://www.sinorbeauty.com/details/O3-Professional-Diamond-Luxury-System-Facial-Kit-For-Bridal-Makeup-And-Ultra-Glow-Treatments-Perfect-For-All-Skin-Type-To-Increase-Shine-And-Glow-On-Face/101129/,SKIN
BEEONE BLEACH CREAM DIAMOND 1000 GMS,https://www.sinorbeauty.com/details/BEEONE-BLEACH-CREAM-DIAMOND-1000-GMS/101127/,SKIN
Bee Pne Anti Tan Facial Kit 1100 gm,https://www.sinorbeauty.com/details/Bee-Pne-Anti-Tan-Facial-Kit-1100-gm/101125/,SKIN
Bee one Skin Polishing Facial Kit 1100 gm,https://www.sinorbeauty.com/details/Bee-one-Skin-Polishing-Facial-Kit-1100-gm/101124/,SKIN
Beeone Diamond Facial Kit 1100gm,https://www.sinorbeauty.com/details/Beeone-Diamond-Facial-Kit-1100gm/101123/,SKIN
Beeone Five Fruit Facial Kit 1100gm,https://www.sinorbeauty.com/details/Beeone-Five-Fruit-Facial-Kit-1100gm/101122/,SKIN
Beeone Gold Facial Kit 1100 gm,https://www.sinorbeauty.com/details/Beeone-Gold-Facial-Kit-1100-gm/101121/,SKIN
Janseen Cosmetics Unisex Fair Skin Insta Facial Treatment Kit,https://www.sinorbeauty.com/details/Janseen-Cosmetics-Unisex-Fair-Skin-Insta-Facial-Treatment-Kit/101105/,SKIN
O3 Anti Ageing Facial kit Brightening Finelines Reducer With Peel off Mask 45gm,https://www.sinorbeauty.com/details/O3-Anti-Ageing-Facial-kit-Brightening-Finelines-Reducer-With-Peel-off-Mask-45gm/101103/,SKIN
Raaga Professional Peel Off Mask Raaga Bright Ening Peel Off Mask,https://www.sinorbeauty.com/details/Raaga-Professional-Peel-Off-Mask-Raaga-Bright-Ening-Peel-Off-Mask/101102/,SKIN
Beeone Almond Massage Cream 900 ml,https://www.sinorbeauty.com/details/Beeone-Almond-Massage-Cream-900-ml/101096/,SKIN
O3 Shine Glow Mono Dose Kit for Brightening Whitening Even Skin Tone 38g ,https://www.sinorbeauty.com/details/O3-Shine-Glow-Mono-Dose-Kit-for-Brightening-Whitening-Even-Skin-Tone-38g-/101095/,SKIN
O3 Bridal Facial Kit for Radiant Glowing Skin 66ml 54g,https://www.sinorbeauty.com/details/O3-Bridal-Facial-Kit-for-Radiant-Glowing-Skin-66ml-54g/101094/,SKIN
VLCC Papaya Fruit Facial Kit Free Rose Water Toner 300 gms 100 ml,https://www.sinorbeauty.com/details/VLCC-Papaya-Fruit-Facial-Kit-Free-Rose-Water-Toner-300-gms-100-ml/101093/,SKIN
Cheryls Cosmeceuticals OxyDerm Anti Ageing Facial Bleach 176g 22ml,https://www.sinorbeauty.com/details/Cheryls-Cosmeceuticals-OxyDerm-Anti-Ageing-Facial-Bleach-176g-22ml/101079/,SKIN
Alovera Facial Gel Salon 500gm,https://www.sinorbeauty.com/details/Alovera-Facial-Gel-Salon-500gm/101037/,SKIN
Herbaltree Skin Care Merallic Range Facail Kit With 24 Carat Gold Dust Luminous Rediant Complexion Free Face Serum,https://www.sinorbeauty.com/details/Herbaltree-Skin-Care-Merallic-Range-Facail-Kit-With-24-Carat-Gold-Dust-Luminous-Rediant-Complexion-Free-Face-Serum/101035/,SKIN
Vlcc Insta Glow Gold Bleach 402 gm,https://www.sinorbeauty.com/details/Vlcc-Insta-Glow-Gold-Bleach-402-gm/101019/,SKIN
The Body Shop MORINGA SOAP 100gm,https://www.sinorbeauty.com/details/The-Body-Shop-MORINGA-SOAP-100gm/101000/,SKIN
The Body Shop Satsuma Soap 100gm,https://www.sinorbeauty.com/details/The-Body-Shop-Satsuma-Soap-100gm/100999/,SKIN
The Body Shop Coconut Soap 100gm,https://www.sinorbeauty.com/details/The-Body-Shop-Coconut-Soap-100gm/100998/,SKIN
VLCC Papaya Fruit Facial Kit 60gm,https://www.sinorbeauty.com/details/VLCC-Papaya-Fruit-Facial-Kit-60gm/100995/,SKIN
XN 8030 Beautiful Skin Care Expert Blackhead Remover,https://www.sinorbeauty.com/details/XN-8030-Beautiful-Skin-Care-Expert-Blackhead-Remover/100993/,SKIN
Astaberry Papaya Facial Kit for All Skin Types 6 Steps 1 user size Advanced Therapy Professional Facial Kit Removes Blemishes Pigmentation Contains Papaya Extracts,https://www.sinorbeauty.com/details/Astaberry-Papaya-Facial-Kit-for-All-Skin-Types-6-Steps-1-user-size-Advanced-Therapy-Professional-Facial-Kit-Removes-Blemishes-Pigmentation-Contains-Papaya-Extracts/100950/,SKIN
Astaberry Skin Whitening Facial Kit 6 Steps 1 User Size Advanced Whitening Treatment For Women Professional Facial Kit Improving Skin Complexion Vitamin C,https://www.sinorbeauty.com/details/Astaberry-Skin-Whitening-Facial-Kit-6-Steps-1-User-Size-Advanced-Whitening-Treatment-For-Women-Professional-Facial-Kit-Improving-Skin-Complexion-Vitamin-C/100949/,SKIN
Astaberry Wine Facial Kit 5 Steps For Glow To Remove Wrinkles 1 User Size,https://www.sinorbeauty.com/details/Astaberry-Wine-Facial-Kit-5-Steps-For-Glow-To-Remove-Wrinkles-1-User-Size/100948/,SKIN
Maycare Apricot Facial Scurb 500gm,https://www.sinorbeauty.com/details/Maycare-Apricot-Facial-Scurb-500gm/100901/,SKIN
Imperial Beauty Apricot Scrub With Soothing Elder Flower 200gm,https://www.sinorbeauty.com/details/Imperial-Beauty-Apricot-Scrub-With-Soothing-Elder-Flower-200gm/100900/,SKIN
Kaniz Milk Whitening Facial Scrub 500gm,https://www.sinorbeauty.com/details/Kaniz-Milk-Whitening-Facial-Scrub-500gm/100899/,SKIN
Kaniz Apricot Facial Scrub 500gm,https://www.sinorbeauty.com/details/Kaniz-Apricot-Facial-Scrub-500gm/100898/,SKIN
Kaniz Cocoa Facial Scrub 500gm,https://www.sinorbeauty.com/details/Kaniz-Cocoa-Facial-Scrub-500gm/100897/,SKIN
Kaniz Cucumber Body Face Scrub 500gm,https://www.sinorbeauty.com/details/Kaniz-Cucumber-Body-Face-Scrub-500gm/100896/,SKIN
Kaniz Aloevera Facial Massage Cream 500gm,https://www.sinorbeauty.com/details/Kaniz-Aloevera-Facial-Massage-Cream-500gm/100895/,SKIN
ASTABERRY Wine Professional Facial Kit 12 Pouch Set 6 Steps For All Skin Types Remove Wrinkles Glowing Skin Goodness Of Red Grape Extracts Aloe Vera Extract Olive Oil,https://www.sinorbeauty.com/details/ASTABERRY-Wine-Professional-Facial-Kit-12-Pouch-Set-6-Steps-For-All-Skin-Types-Remove-Wrinkles-Glowing-Skin-Goodness-Of-Red-Grape-Extracts-Aloe-Vera-Extract-Olive-Oil/100892/,SKIN
Astaberry Wine Facial Kit 5 Steps For Glow To Remove Wrinkles,https://www.sinorbeauty.com/details/Astaberry-Wine-Facial-Kit-5-Steps-For-Glow-To-Remove-Wrinkles/100891/,SKIN
Astaberry Skin Whitening Facial Kit 12 Set Pouch 6 Steps Advanced Whitening Treatment For Women Professional Facial Kit Improving Skin Complexion Vitamin C,https://www.sinorbeauty.com/details/Astaberry-Skin-Whitening-Facial-Kit-12-Set-Pouch-6-Steps-Advanced-Whitening-Treatment-For-Women-Professional-Facial-Kit-Improving-Skin-Complexion-Vitamin-C/100890/,SKIN
Astaberry Papaya Facial Kit 12 Pouch Set for All Skin Types 6 Steps Advanced Therapy Professional Facial Kit Removes Blemishes Pigmentation Contains Papaya Extracts,https://www.sinorbeauty.com/details/Astaberry-Papaya-Facial-Kit-12-Pouch-Set-for-All-Skin-Types-6-Steps-Advanced-Therapy-Professional-Facial-Kit-Removes-Blemishes-Pigmentation-Contains-Papaya-Extracts/100889/,SKIN
Astaberry Detan Facial Kit 6 Steps Contains Mils Oats Repair Sun Damage Skin Lightening Brightens Face,https://www.sinorbeauty.com/details/Astaberry-Detan-Facial-Kit-6-Steps-Contains-Mils-Oats-Repair-Sun-Damage-Skin-Lightening-Brightens-Face/100888/,SKIN
Astaberry Green Tea Facial Kit 6 Steps Anti Pollution Skin Therapy Anti Acne Anti Stress Skin Fortifying,https://www.sinorbeauty.com/details/Astaberry-Green-Tea-Facial-Kit-6-Steps-Anti-Pollution-Skin-Therapy-Anti-Acne-Anti-Stress-Skin-Fortifying/100887/,SKIN
Astaberry Diamond Facial Kit 6 Steps For All Skin Types Pack of 2 Skin Brightening Therapy Ultimate Glow Radiance Skin Smooth Hydrating Reduce Blemishes Replenishes the Skin,https://www.sinorbeauty.com/details/Astaberry-Diamond-Facial-Kit-6-Steps-For-All-Skin-Types-Pack-of-2-Skin-Brightening-Therapy-Ultimate-Glow-Radiance-Skin-Smooth-Hydrating-Reduce-Blemishes-Replenishes-the-Skin/100886/,SKIN
Astaberry Gold Facial Kit 6 Steps Skin Repair Flash Glow silky smooth look Lightens Blemishes Marks,https://www.sinorbeauty.com/details/Astaberry-Gold-Facial-Kit-6-Steps-Skin-Repair-Flash-Glow-silky-smooth-look-Lightens-Blemishes-Marks/100884/,SKIN
Simple Kind To Skin Soothing Facial Toner 200 ml,https://www.sinorbeauty.com/details/Simple-Kind-To-Skin-Soothing-Facial-Toner-200-ml/100873/,SKIN
Neutrogena Refreshingly Clear Oil Free Moisturiser 50ml,https://www.sinorbeauty.com/details/Neutrogena-Refreshingly-Clear-Oil-Free-Moisturiser-50ml/100867/,SKIN
Neutrogena Clear Defend Oil Free Moisturiser 50ml,https://www.sinorbeauty.com/details/Neutrogena-Clear-Defend-Oil-Free-Moisturiser-50ml/100866/,SKIN
Loreal Aura Perfect Day Cream Spf 17 PA Healthy Glow Even tone 50ml,https://www.sinorbeauty.com/details/Loreal-Aura-Perfect-Day-Cream-Spf-17-PA-Healthy-Glow-Even-tone-50ml/100865/,SKIN
Valencia Gio Nature Plus Sun Block SPF 50 ,https://www.sinorbeauty.com/details/Valencia-Gio-Nature-Plus-Sun-Block-SPF-50-/100838/,SKIN
Lotus Herbals Radiant Gold Cellular Glow Facial Kit Set,https://www.sinorbeauty.com/details/Lotus-Herbals-Radiant-Gold-Cellular-Glow-Facial-Kit-Set/100817/,SKIN
Spa whittenig Mix Fruit facial kit,https://www.sinorbeauty.com/details/Spa-whittenig-Mix-Fruit-facial-kit/100812/,SKIN
Spa whittenig Daimond facial kit,https://www.sinorbeauty.com/details/Spa-whittenig-Daimond-facial-kit/100811/,SKIN
Spa whittenig 24 carrot gold plus facial kit Spa whittenig Daimond facial kit,https://www.sinorbeauty.com/details/Spa-whittenig-24-carrot-gold-plus-facial-kit-Spa-whittenig-Daimond-facial-kit/100810/,SKIN
By Nature Haldi Chandan Herbal Bleach 300gm,https://www.sinorbeauty.com/details/By-Nature-Haldi-Chandan-Herbal-Bleach-300gm/100801/,SKIN
Palmolive Naturals Indulging Delight With Milk Honey Soap 90gm,https://www.sinorbeauty.com/details/Palmolive-Naturals-Indulging-Delight-With-Milk-Honey-Soap-90gm/100784/,SKIN
Dove Pink Soap Bar 100gm,https://www.sinorbeauty.com/details/Dove-Pink-Soap-Bar-100gm/100783/,SKIN
Dove Beauty Cream Bar 100gm,https://www.sinorbeauty.com/details/Dove-Beauty-Cream-Bar-100gm/100782/,SKIN
Dove Coconut Milk Beauty Cream Bar 100gm,https://www.sinorbeauty.com/details/Dove-Coconut-Milk-Beauty-Cream-Bar-100gm/100781/,SKIN
Pond s Super Light Gel Oil Free Moisturiser,https://www.sinorbeauty.com/details/Pond-s-Super-Light-Gel-Oil-Free-Moisturiser/100762/,SKIN
Fashion Herbs Mango Bleach,https://www.sinorbeauty.com/details/Fashion-Herbs-Mango-Bleach/100707/,SKIN
Fashion Herbs Gold Bleach,https://www.sinorbeauty.com/details/Fashion-Herbs-Gold-Bleach/100706/,SKIN
Herbal Tree Diamond Bleach,https://www.sinorbeauty.com/details/Herbal-Tree-Diamond-Bleach/100704/,SKIN
Herbal Tree Haldi Chandan bleach For Sparkling Natural Glow 300gm,https://www.sinorbeauty.com/details/Herbal-Tree-Haldi-Chandan-bleach-For-Sparkling-Natural-Glow-300gm/100699/,SKIN
Herbal Tree Mango Bleach 300gm,https://www.sinorbeauty.com/details/Herbal-Tree-Mango-Bleach-300gm/100698/,SKIN
Keya Seth Aromatherapy Stopage V Cream,https://www.sinorbeauty.com/details/Keya-Seth-Aromatherapy-Stopage-V-Cream/100696/,SKIN
Dove Nourishing Body Care Beauty Cream 75ml,https://www.sinorbeauty.com/details/Dove-Nourishing-Body-Care-Beauty-Cream-75ml/100661/,SKIN
Johnson s 24 hour Moisture Soft Cream 200ml,https://www.sinorbeauty.com/details/Johnson-s-24-hour-Moisture-Soft-Cream-200ml/100658/,SKIN
NIVEA Soft Jar Moisturising Cream 200 ml,https://www.sinorbeauty.com/details/NIVEA-Soft-Jar-Moisturising-Cream-200-ml/100657/,SKIN
The Body Shop Vitamin E Night Nourishing Cream 50ml,https://www.sinorbeauty.com/details/The-Body-Shop-Vitamin-E-Night-Nourishing-Cream-50ml/100655/,SKIN
Ponds Super Light Gel Oil Free Moisturiser With Hyaluronic Acid Vitamin E 147gm,https://www.sinorbeauty.com/details/Ponds-Super-Light-Gel-Oil-Free-Moisturiser-With-Hyaluronic-Acid-Vitamin-E-147gm/100654/,SKIN
Boots Vitamin C Brightening Moisturising Cream 50ml,https://www.sinorbeauty.com/details/Boots-Vitamin-C-Brightening-Moisturising-Cream-50ml/100650/,SKIN
The Body Shop Vitamin E Gel Moisture Cream 50ml,https://www.sinorbeauty.com/details/The-Body-Shop-Vitamin-E-Gel-Moisture-Cream-50ml/100648/,SKIN
Neutrogena Oil Free Facial Moisturiser 115ml SPF 15,https://www.sinorbeauty.com/details/Neutrogena-Oil-Free-Facial-Moisturiser-115ml-SPF-15/100647/,SKIN
Neutrogena Refreshingly Clear Oil Free Moisturiser 50ml,https://www.sinorbeauty.com/details/Neutrogena-Refreshingly-Clear-Oil-Free-Moisturiser-50ml/100644/,SKIN
3W Clinic Intensive UV Sunblock Cream SPF50 PA 70ml,https://www.sinorbeauty.com/details/3W-Clinic-Intensive-UV-Sunblock-Cream-SPF50-PA-70ml/100643/,SKIN
Neutrogena Hydro Boost Gel Cream 50ml Dry Skin,https://www.sinorbeauty.com/details/Neutrogena-Hydro-Boost-Gel-Cream-50ml-Dry-Skin/100641/,SKIN
Neutrogena Hydro Boost Water Gel Moisturiser For Normal To Combination Skin 50ml,https://www.sinorbeauty.com/details/Neutrogena-Hydro-Boost-Water-Gel-Moisturiser-For-Normal-To-Combination-Skin-50ml/100640/,SKIN
Simple Water Boost Hydrating Gel Cream 50ml,https://www.sinorbeauty.com/details/Simple-Water-Boost-Hydrating-Gel-Cream-50ml/100639/,SKIN
The Body Shop Vitamin E Moisture Cream 50ml,https://www.sinorbeauty.com/details/The-Body-Shop-Vitamin-E-Moisture-Cream-50ml/100638/,SKIN
Simple Kind to Skin Hydrating Light Moisturiser 125ml,https://www.sinorbeauty.com/details/Simple-Kind-to-Skin-Hydrating-Light-Moisturiser-125ml/100637/,SKIN
The Body Shop Vitamin E Intense Moisture Cream 50ml,https://www.sinorbeauty.com/details/The-Body-Shop-Vitamin-E-Intense-Moisture-Cream-50ml/100636/,SKIN
Diamond Facial Kit FREE Rose Water Toner 300gm 100ml,https://www.sinorbeauty.com/details/Diamond-Facial-Kit-FREE-Rose-Water-Toner-300gm-100ml/100613/,SKIN
VLCC Gold Facial Kit Free Rose Water Toner 300 gms 100 ml,https://www.sinorbeauty.com/details/VLCC-Gold-Facial-Kit-Free-Rose-Water-Toner-300-gms-100-ml/100612/,SKIN
VLCC Anti Tan Facial Kit 6 Step 300gm,https://www.sinorbeauty.com/details/VLCC-Anti-Tan-Facial-Kit-6-Step-300gm/100609/,SKIN
VLCC Salon Series Insta Glow Facial Kit 6 Facials 240gm 12ml ,https://www.sinorbeauty.com/details/VLCC-Salon-Series-Insta-Glow-Facial-Kit-6-Facials-240gm-12ml-/100606/,SKIN
VLCC Skin Tightening Facial Kit 6 Facials 240gm 12ml,https://www.sinorbeauty.com/details/VLCC-Skin-Tightening-Facial-Kit-6-Facials-240gm-12ml/100605/,SKIN
VLCC Pearl Facial Kit Free Rose Water Toner Pack of 300gm 100ml,https://www.sinorbeauty.com/details/VLCC-Pearl-Facial-Kit-Free-Rose-Water-Toner-Pack-of-300gm-100ml/100604/,SKIN
VLCC Anti Tan Facial Kit 5 Sessions For Tan Free Radiant Skin 300gm ,https://www.sinorbeauty.com/details/VLCC-Anti-Tan-Facial-Kit-5-Sessions-For-Tan-Free-Radiant-Skin-300gm-/100603/,SKIN
Neutrogena Refreshingly Clear Daily Exfoliator 150 ml,https://www.sinorbeauty.com/details/Neutrogena-Refreshingly-Clear-Daily-Exfoliator-150-ml/100544/,SKIN
Neutrogena Clear Defend Facial Wash 200 ml,https://www.sinorbeauty.com/details/Neutrogena-Clear-Defend-Facial-Wash-200-ml/100543/,SKIN
L Oreal Aura Perfect Milky Foam,https://www.sinorbeauty.com/details/L-Oreal-Aura-Perfect-Milky-Foam/100541/,SKIN
Boots Cucumber Face Wash 150 ml,https://www.sinorbeauty.com/details/Boots-Cucumber-Face-Wash-150-ml/100538/,SKIN
Tea Tree Foaming Face Wash 200ml,https://www.sinorbeauty.com/details/Tea-Tree-Foaming-Face-Wash-200ml/100533/,SKIN
Simple Kind To Skin Refreshing Facial Wash 150ml,https://www.sinorbeauty.com/details/Simple-Kind-To-Skin-Refreshing-Facial-Wash-150ml/100531/,SKIN
Neutrogena Refreshingly Clear Facial Wash 200ml,https://www.sinorbeauty.com/details/Neutrogena-Refreshingly-Clear-Facial-Wash-200ml/100514/,SKIN
